id,first_name,last_name,email,gender
1,Benton,Gross,bgross0@independent.co.uk,Male
2,Binny,McOrkill,bmcorkill1@about.me,Female
3,Giordano,Guye,gguye2@topsy.com,Male
4,Kareem,Cockshutt,kcockshutt3@slate.com,Male
5,Sawyere,Juris,sjuris4@technorati.com,Male
6,Agatha,Cayser,acayser5@amazon.co.uk,Female
7,Meyer,Lorne,mlorne6@chron.com,Male
8,Wallas,Voak,wvoak7@istockphoto.com,Male
9,Nikolos,Caplin,ncaplin8@newyorker.com,Male
10,Rafaelita,Pfiffer,rpfiffer9@wikispaces.com,Non-binary
11,Corey,Parkeson,cparkesona@ox.ac.uk,Male
12,Selma,Graalmans,sgraalmansb@va.gov,Female
13,Sylvia,Ponter,sponterc@forbes.com,Female
14,Cordula,Martonfi,cmartonfid@msn.com,Female
15,Duff,Arnaldo,darnaldoe@hexun.com,Male
16,Giustina,Jelley,gjelleyf@google.nl,Female
17,Agnes,Arnfield,aarnfieldg@pagesperso-orange.fr,Non-binary
18,Franciska,Ricca,friccah@jugem.jp,Female
19,Sergei,Ovendon,sovendoni@clickbank.net,Male
20,Haydon,Hathaway,hhathawayj@de.vu,Male
21,Lanni,Chastney,lchastneyk@free.fr,Female
22,Travers,Peter,tpeterl@gnu.org,Male
23,Harlan,Denington,hdeningtonm@instagram.com,Male
24,Rockwell,Usherwood,rusherwoodn@mayoclinic.com,Male
25,Sayres,Treleaven,streleaveno@comcast.net,Male
